,ID,yrs.since.phd,yrs.service,salary
ID,1.0,0.20842415510116227,0.16631363560705267,0.09958317967283406
yrs.since.phd,0.20842415510116227,1.0,0.909649148339681,0.41923110680258013
yrs.service,0.16631363560705267,0.909649148339681,1.0,0.3347446756998623
salary,0.09958317967283406,0.41923110680258013,0.3347446756998623,1.0
